add_bias_f16.ptx	add_bias_f16_kernel
add_bias_f16.ptx	add_f16_kernel
add_bias_f16.ptx	add_inplace_f16_kernel
argmax.ptx	argmax_f16_kernel
argmax.ptx	argmax_grid_f32_kernel
argmax.ptx	argmax_kernel
bf16_to_f16_sat.ptx	bf16_to_f16_sat_kernel
cast_fp.ptx	cast_f16_to_f32_kernel
cast_fp.ptx	cast_f32_to_f16_kernel
compute_qkv_scales.ptx	compute_qkv_scales_kernel
embedding_gather_f16.ptx	embedding_gather_f16_kernel
f32_to_bf16.ptx	f32_to_bf16_kernel
f32_to_f16_sat.ptx	f32_to_f16_sat_kernel
flash_attention.ptx	flash_attention_2_decode_f16io_kernel
flash_attention.ptx	flash_attention_2_decode_f16kv_kernel
flash_attention.ptx	flash_attention_2_decode_fp8kv_kernel
flash_attention.ptx	flash_attention_2_decode_kernel
flash_attention.ptx	flash_attention_2_f16kv_kernel
flash_attention.ptx	flash_attention_2_kernel
fp8_channelscale_gemv_ktiled.ptx	fp8_channelscale_gemv_ktiled_kernel
fp8_channelscale_gemv_splitk.ptx	fp8_channelscale_gemv_splitk_kernel
fp8_decode_v2.ptx	_Z23paged_decode_f16_kernelILi128EEvPK6__halfS2_S2_PS0_PKiS5_fiiiiii
fp8_decode_v2.ptx	_Z23paged_decode_f16_kernelILi256EEvPK6__halfS2_S2_PS0_PKiS5_fiiiiii
fp8_decode_v2.ptx	_Z23paged_decode_f16_kernelILi512EEvPK6__halfS2_S2_PS0_PKiS5_fiiiiii
fp8_decode_v2.ptx	_Z24paged_prefill_fp8_kernelILi128EEvPKhS1_S1_P6__halfPKiS5_S5_PKfS7_S7_S7_S7_S7_fiiiiiiiii
fp8_decode_v2.ptx	_Z24paged_prefill_fp8_kernelILi256EEvPKhS1_S1_P6__halfPKiS5_S5_PKfS7_S7_S7_S7_S7_fiiiiiiiii
fp8_decode_v2.ptx	_Z24paged_prefill_fp8_kernelILi512EEvPKhS1_S1_P6__halfPKiS5_S5_PKfS7_S7_S7_S7_S7_fiiiiiiiii
fp8_decode_v2.ptx	_Z31paged_decode_fp8_combine_kernelILi128EEvPKfP6__halfPKiiii
fp8_decode_v2.ptx	_Z31paged_decode_fp8_combine_kernelILi256EEvPKfP6__halfPKiiii
fp8_decode_v2.ptx	_Z31paged_decode_fp8_combine_kernelILi512EEvPKfP6__halfPKiiii
fp8_decode_v2.ptx	_Z31paged_decode_fp8_splitkv_kernelILi128ELi2EEvPKhS1_S1_P6__halfPfPKiS6_PKfS8_S8_S8_S8_S8_fiiiiii
fp8_decode_v2.ptx	_Z31paged_decode_fp8_splitkv_kernelILi128ELi4EEvPKhS1_S1_P6__halfPfPKiS6_PKfS8_S8_S8_S8_S8_fiiiiii
fp8_decode_v2.ptx	_Z31paged_decode_fp8_splitkv_kernelILi256ELi2EEvPKhS1_S1_P6__halfPfPKiS6_PKfS8_S8_S8_S8_S8_fiiiiii
fp8_decode_v2.ptx	_Z31paged_decode_fp8_splitkv_kernelILi256ELi4EEvPKhS1_S1_P6__halfPfPKiS6_PKfS8_S8_S8_S8_S8_fiiiiii
fp8_decode_v2.ptx	_Z31paged_decode_fp8_splitkv_kernelILi512ELi2EEvPKhS1_S1_P6__halfPfPKiS6_PKfS8_S8_S8_S8_S8_fiiiiii
fp8_decode_v2.ptx	_Z31paged_decode_fp8_splitkv_kernelILi512ELi4EEvPKhS1_S1_P6__halfPfPKiS6_PKfS8_S8_S8_S8_S8_fiiiiii
fp8_e4m3_gemv.ptx	fp8_e4m3_gemv_kernel
fp8_gemv.ptx	fp8_gemv_blockwise_kernel
fp8_gemv.ptx	fp8_gemv_blockwise_lut_kernel
fp8_gemv.ptx	fp8_gemv_blockwise_v2_kernel
fp8_gemv.ptx	fp8_gemv_blockwise_vec_kernel
fp8_gemv.ptx	fp8_gemv_blockwise_wpr_kernel
fp8_gemv.ptx	fp8_gemv_blockwise_wpr_lut_kernel
fp8_gemv.ptx	fp8_gemv_kernel
fp8_gemv.ptx	fp8_gemv_scaled_kernel
fused_gelu_mul_f16.ptx	fused_gelu_mul_f16_kernel
fused_gelu_mul_fp8_quant.ptx	fused_gelu_mul_fp8_quant_kernel
fused_norm_add_residual.ptx	fused_norm_add_residual_kernel
fused_norm_add_residual_f16.ptx	fused_norm_add_residual_f16_kernel
fused_norm_add_residual_f16.ptx	fused_norm_add_residual_f16in_kernel
fused_qk_rmsnorm.ptx	fused_qk_rmsnorm_kernel
fused_qkv_rmsnorm.ptx	fused_qkv_rmsnorm_kernel
fused_rmsnorm_fp8_quant.ptx	fused_add_rmsnorm_fp8_quant_kernel
fused_rmsnorm_fp8_quant.ptx	fused_rmsnorm_fp8_quant_kernel
fused_rmsnorm_fp8_quant.ptx	quantize_fp8_per_token_kernel
fused_rope_cache_fp8kv.ptx	fused_rope_cache_fp8kv_kernel
fused_rope_partial_f16kv.ptx	fused_rope_partial_f16kv_kernel
fused_rope_partial_fp8kv.ptx	fused_rope_partial_fp8kv_kernel
fused_silu_fp8_quant.ptx	fused_silu_mul_fp8_quant_kernel
gemma4_ple_gate.ptx	gemma4_ple_gate_kernel
gemma4_ple_gate.ptx	gemma4_ple_projection_combine_kernel
lmhead_prune_argmax.ptx	dequant_pack_to_f16_kernel
lmhead_prune_argmax.ptx	lmhead_argmax_remap_kernel
lmhead_prune_argmax.ptx	lmhead_int4_gemv_bf16score_kernel
lmhead_prune_argmax.ptx	lmhead_scatter_full_vocab_kernel
logit_softcap.ptx	logit_softcap_kernel
map_token_id.ptx	map_i32_token_id_kernel
paged_attention_sm89.ptx	_Z23paged_decode_f16_kernelILi128EEvPK6__halfS2_S2_PS0_PKiS5_fiiiiii
paged_attention_sm89.ptx	_Z23paged_decode_f16_kernelILi256EEvPK6__halfS2_S2_PS0_PKiS5_fiiiiii
paged_attention_sm89.ptx	_Z23paged_decode_f16_kernelILi512EEvPK6__halfS2_S2_PS0_PKiS5_fiiiiii
paged_attention_sm89.ptx	_Z23paged_decode_fp8_kernelILi128EEvPKhS1_S1_P6__halfPKiS5_PKfS7_S7_S7_S7_S7_fiiiiii
paged_attention_sm89.ptx	_Z23paged_decode_fp8_kernelILi256EEvPKhS1_S1_P6__halfPKiS5_PKfS7_S7_S7_S7_S7_fiiiiii
paged_attention_sm89.ptx	_Z23paged_decode_fp8_kernelILi512EEvPKhS1_S1_P6__halfPKiS5_PKfS7_S7_S7_S7_S7_fiiiiii
paged_attention_sm89.ptx	_Z24paged_prefill_fp8_kernelILi128EEvPKhS1_S1_P6__halfPKiS5_S5_PKfS7_S7_S7_S7_S7_fiiiiiiiii
paged_attention_sm89.ptx	_Z24paged_prefill_fp8_kernelILi256EEvPKhS1_S1_P6__halfPKiS5_S5_PKfS7_S7_S7_S7_S7_fiiiiiiiii
paged_attention_sm89.ptx	_Z24paged_prefill_fp8_kernelILi512EEvPKhS1_S1_P6__halfPKiS5_S5_PKfS7_S7_S7_S7_S7_fiiiiiiiii
ple_gelu_mul_f16.ptx	ple_gelu_mul_f16_kernel
ple_project_combine.ptx	ple_project_combine_f16_kernel
residual_scale_bf16s_f16.ptx	residual_scale_bf16s_f16_kernel
residual_scale_f16.ptx	residual_scale_f16_kernel
rmsnorm_inplace_bf16.ptx	rmsnorm_inplace_bf16_kernel
rmsnorm_inplace_f16.ptx	rmsnorm_inplace_f16_kernel
sample_topk_f32.ptx	sample_topk_f32_kernel
scale_cols_f16.ptx	scale_cols_f16_kernel
scale_cols_f32.ptx	scale_cols_f32_kernel
scale_rows_f16_pertoken.ptx	scale_rows_f16_pertoken_kernel
scale_rows_f32_ratio.ptx	scale_rows_f32_ratio_kernel
vector_add_bf16_to_f16.ptx	vector_add_bf16_to_f16_kernel
vector_add_f16.ptx	vector_add_f16_kernel
vnorm_f16.ptx	vnorm_f16_kernel
